task.i,learner.i,resampling.i,iteration,start.time,end.time,process,classif.auc,classif.acc,classif.logloss,ROC_AUM,task_id,learner_id,resampling_id,test.subset,train.subsets,groups,test.fold,seed,n.train.groups
5,1,1,2,2025-07-22T19:53:33.770535Z,2025-07-22T20:46:38.445765Z,3,0.961260404806387,0.45603203737694,0.693279241217852,0.000178278423845768,MNIST_seed1_prop0.01,conv_AUM,same_other_sizes_cv,unbalanced,other,23721,1,1,23721
5,1,1,4,2025-07-22T19:53:49.073783Z,2025-07-22T20:46:33.299853Z,6,0.981189231720343,0.0103488566182607,0.713345861897884,0.000219021530938335,MNIST_seed1_prop0.01,conv_AUM,same_other_sizes_cv,unbalanced,other,23721,2,1,23721
5,1,1,6,2025-07-22T19:54:11.072216Z,2025-07-22T20:54:58.028727Z,1,0.960075503746103,0.00968927497494153,0.741776220209727,0.000345964450389147,MNIST_seed1_prop0.01,conv_AUM,same_other_sizes_cv,unbalanced,other,23721,3,1,23721
5,1,1,7,2025-07-22T19:54:11.089176Z,2025-07-22T20:53:45.336866Z,2,0.97481372104803,0.5,0.68705350315174,0.000205838688998483,MNIST_seed1_prop0.01,conv_AUM,same_other_sizes_cv,balanced,same,23721,1,1,23721
5,1,1,9,2025-07-22T19:58:14.139714Z,2025-07-22T20:59:21.971195Z,14,0.977035893746321,0.501686340640809,0.687324998153642,0.000156291644088924,MNIST_seed1_prop0.01,conv_AUM,same_other_sizes_cv,balanced,same,23721,2,1,23721
5,1,1,11,2025-07-22T19:58:19.955830Z,2025-07-22T20:49:05.113884Z,11,0.976404729821241,0.5,0.687984840971037,0.000161340751219541,MNIST_seed1_prop0.01,conv_AUM,same_other_sizes_cv,balanced,same,23721,3,1,23721
5,2,1,2,2025-07-22T19:58:20.007413Z,2025-07-22T20:04:36.454866Z,15,0.929233498778506,0.59486067078258,0.690844693466435,0.00162742100656033,MNIST_seed1_prop0.01,linear_AUM,same_other_sizes_cv,unbalanced,other,23721,1,1,23721
5,2,1,4,2025-07-22T19:58:20.724131Z,2025-07-22T20:04:20.103190Z,19,0.92260720508065,0.936237689868135,0.662203865690939,0.00179633009247482,MNIST_seed1_prop0.01,linear_AUM,same_other_sizes_cv,unbalanced,other,23721,2,1,23721
5,2,1,6,2025-07-22T19:58:34.001344Z,2025-07-22T20:04:25.725593Z,13,0.890004769882266,0.449381891079185,0.69819462479826,0.0028520398773253,MNIST_seed1_prop0.01,linear_AUM,same_other_sizes_cv,unbalanced,other,23721,3,1,23721
5,2,1,7,2025-07-22T19:58:34.267312Z,2025-07-22T20:05:31.390968Z,18,0.933459560680747,0.7972016183412,0.671397164233204,0.00149837043136358,MNIST_seed1_prop0.01,linear_AUM,same_other_sizes_cv,balanced,same,23721,1,1,23721
5,2,1,9,2025-07-22T19:58:35.100474Z,2025-07-22T20:04:53.031013Z,16,0.936205804651797,0.783220910623946,0.67130712149807,0.00155119132250547,MNIST_seed1_prop0.01,linear_AUM,same_other_sizes_cv,balanced,same,23721,2,1,23721
5,2,1,11,2025-07-22T19:58:51.165729Z,2025-07-22T20:04:55.505945Z,17,0.908116882405707,0.736549165120594,0.673276802591829,0.00191336311399937,MNIST_seed1_prop0.01,linear_AUM,same_other_sizes_cv,balanced,same,23721,3,1,23721
5,3,1,2,2025-07-22T20:02:49.939161Z,2025-07-22T20:55:41.754928Z,23,0.971645866265769,0.93942933422326,0.181345130896253,0.0342840626835823,MNIST_seed1_prop0.01,conv_logistic,same_other_sizes_cv,unbalanced,other,23721,1,1,23721
5,3,1,4,2025-07-22T20:02:51.092498Z,2025-07-22T20:55:16.788830Z,24,0.978303265329062,0.930395593390085,0.19755424621375,0.0286819748580456,MNIST_seed1_prop0.01,conv_logistic,same_other_sizes_cv,unbalanced,other,23721,2,1,23721
5,3,1,6,2025-07-24T11:10:05.911844Z,2025-07-24T12:10:10.644958Z,1,0.977965470705942,0.94503842298697,0.170459955238842,0.0363977812230587,MNIST_seed1_prop0.01,conv_logistic,same_other_sizes_cv,unbalanced,other,23721,3,1,23721
5,3,1,7,2025-07-22T20:02:58.362839Z,2025-07-22T20:57:26.300782Z,27,0.978565004417337,0.92692178017532,0.198746935390966,0.0283979922533035,MNIST_seed1_prop0.01,conv_logistic,same_other_sizes_cv,balanced,same,23721,1,1,23721
5,3,1,9,2025-07-22T20:02:58.476555Z,2025-07-22T20:55:29.455384Z,29,0.979803255518997,0.929763912310287,0.192303670685813,0.0271310321986675,MNIST_seed1_prop0.01,conv_logistic,same_other_sizes_cv,balanced,same,23721,2,1,23721
5,3,1,11,2025-07-22T20:03:15.061557Z,2025-07-22T20:55:36.051923Z,21,0.981579531056787,0.931438691178951,0.185805928008215,0.0260689053684473,MNIST_seed1_prop0.01,conv_logistic,same_other_sizes_cv,balanced,same,23721,3,1,23721
5,4,1,2,2025-07-22T20:03:16.386919Z,2025-07-22T20:09:13.425170Z,22,0.933036158429413,0.862339395961956,0.33997835215404,0.0480871275067329,MNIST_seed1_prop0.01,linear_logistic,same_other_sizes_cv,unbalanced,other,23721,1,1,23721
5,4,1,4,2025-07-22T20:03:18.896384Z,2025-07-22T20:09:37.613257Z,25,0.933012982633621,0.86279419128693,0.338437091781897,0.0451464429497719,MNIST_seed1_prop0.01,linear_logistic,same_other_sizes_cv,unbalanced,other,23721,2,1,23721
5,4,1,6,2025-07-22T20:03:19.696304Z,2025-07-22T20:09:35.730261Z,26,0.925566568942251,0.856665552956899,0.352828795290601,0.0572299361228943,MNIST_seed1_prop0.01,linear_logistic,same_other_sizes_cv,unbalanced,other,23721,3,1,23721
5,4,1,7,2025-07-22T20:04:20.813996Z,2025-07-22T20:10:01.322417Z,19,0.938000559499002,0.862356709372893,0.323757046919681,0.0532785803079605,MNIST_seed1_prop0.01,linear_logistic,same_other_sizes_cv,balanced,same,23721,1,1,23721
5,4,1,9,2025-07-22T20:04:28.353772Z,2025-07-22T20:10:08.133236Z,13,0.938160381516797,0.86256323777403,0.32412145376169,0.0530711077153683,MNIST_seed1_prop0.01,linear_logistic,same_other_sizes_cv,balanced,same,23721,2,1,23721
5,4,1,11,2025-07-22T20:04:37.540905Z,2025-07-22T20:10:16.689079Z,12,0.939555584963475,0.864985663686962,0.321564550812119,0.0516728088259697,MNIST_seed1_prop0.01,linear_logistic,same_other_sizes_cv,balanced,same,23721,3,1,23721
6,1,1,2,2025-07-22T20:04:54.064767Z,2025-07-22T20:57:20.946411Z,16,0.984290538673271,0.0101785416319039,0.726704623072665,0.000242950874962844,MNIST_seed2_prop0.01,conv_AUM,same_other_sizes_cv,unbalanced,other,23721,1,1,23721
6,1,1,4,2025-07-22T20:04:56.859295Z,2025-07-22T20:56:40.220993Z,17,0.972012870229863,0.989984977466199,0.642643742910146,0.000187507190275937,MNIST_seed2_prop0.01,conv_AUM,same_other_sizes_cv,unbalanced,other,23721,2,1,23721
6,1,1,6,2025-07-22T20:05:16.368216Z,2025-07-22T21:06:15.848828Z,15,0.988985643817771,0.0350818576678918,0.705440816169706,0.000138479968882166,MNIST_seed2_prop0.01,conv_AUM,same_other_sizes_cv,unbalanced,other,23721,3,1,23721
6,1,1,7,2025-07-22T20:05:36.007071Z,2025-07-22T20:58:37.942131Z,18,0.979424955633389,0.555714767363453,0.684876469919733,0.000190108388778754,MNIST_seed2_prop0.01,conv_AUM,same_other_sizes_cv,balanced,same,23721,1,1,23721
6,1,1,9,2025-07-22T20:07:30.088039Z,2025-07-22T21:09:42.298476Z,31,0.974638304104377,0.5,0.690031725436465,0.000165139877935871,MNIST_seed2_prop0.01,conv_AUM,same_other_sizes_cv,balanced,same,23721,2,1,23721
6,1,1,11,2025-07-22T20:07:43.114596Z,2025-07-22T20:59:29.950736Z,39,0.977190920694457,0.855118907066959,0.685791809649786,0.00019337645790074,MNIST_seed2_prop0.01,conv_AUM,same_other_sizes_cv,balanced,same,23721,3,1,23721
6,2,1,2,2025-07-22T20:07:43.419518Z,2025-07-22T20:13:35.579543Z,33,0.913796248189869,0.481394960787586,0.692501819922697,0.00152442057151347,MNIST_seed2_prop0.01,linear_AUM,same_other_sizes_cv,unbalanced,other,23721,1,1,23721
6,2,1,4,2025-07-22T20:07:49.757918Z,2025-07-22T20:13:38.342026Z,34,0.954084471421349,0.547487898514438,0.688564161926976,0.00133045180700719,MNIST_seed2_prop0.01,linear_AUM,same_other_sizes_cv,unbalanced,other,23721,2,1,23721
6,2,1,6,2025-07-22T20:07:50.991245Z,2025-07-22T20:13:57.153803Z,36,0.946184675880682,0.818409622452389,0.676829915780829,0.00107718165963888,MNIST_seed2_prop0.01,linear_AUM,same_other_sizes_cv,unbalanced,other,23721,3,1,23721
6,2,1,7,2025-07-22T20:09:16.388455Z,2025-07-22T20:14:53.994Z,22,0.930382245125584,0.82788267026298,0.675357867164792,0.00116047880146652,MNIST_seed2_prop0.01,linear_AUM,same_other_sizes_cv,balanced,same,23721,1,1,23721
6,2,1,9,2025-07-22T20:09:36.177894Z,2025-07-22T20:15:42.318009Z,26,0.93863645282654,0.784064080944351,0.671399665292093,0.00144919031299651,MNIST_seed2_prop0.01,linear_AUM,same_other_sizes_cv,balanced,same,23721,2,1,23721
6,2,1,11,2025-07-22T20:09:37.815368Z,2025-07-22T20:15:53.696212Z,25,0.910290250564667,0.646652049249452,0.66655137102062,0.0027173247653991,MNIST_seed2_prop0.01,linear_AUM,same_other_sizes_cv,balanced,same,23721,3,1,23721
6,3,1,2,2025-07-22T20:10:02.169373Z,2025-07-22T21:01:37.819835Z,19,0.979206968594896,0.931586851326548,0.190249935034739,0.0296366382390261,MNIST_seed2_prop0.01,conv_logistic,same_other_sizes_cv,unbalanced,other,23721,1,1,23721
6,3,1,4,2025-07-22T20:10:09.485667Z,2025-07-22T21:12:08.711752Z,13,0.983100095543189,0.927558003672175,0.205751024647307,0.0224132407456636,MNIST_seed2_prop0.01,conv_logistic,same_other_sizes_cv,unbalanced,other,23721,2,1,23721
6,3,1,6,2025-07-22T20:10:17.214831Z,2025-07-22T21:04:47.415366Z,12,0.983828935734562,0.967089876378216,0.112887756972202,0.0212276559323072,MNIST_seed2_prop0.01,conv_logistic,same_other_sizes_cv,unbalanced,other,23721,3,1,23721
6,3,1,7,2025-07-22T20:12:00.757454Z,2025-07-22T21:03:57.089803Z,41,0.981507063191786,0.932316250842886,0.181491854763664,0.0275035127997398,MNIST_seed2_prop0.01,conv_logistic,same_other_sizes_cv,balanced,same,23721,1,1,23721
6,3,1,9,2025-07-22T20:12:50.270315Z,2025-07-22T21:04:47.285591Z,49,0.98042056141209,0.931365935919056,0.187333254005343,0.026883240789175,MNIST_seed2_prop0.01,conv_logistic,same_other_sizes_cv,balanced,same,23721,2,1,23721
6,3,1,11,2025-07-22T20:12:50.393442Z,2025-07-22T21:07:58.013566Z,47,0.97869134565058,0.927812447292967,0.195886446577367,0.0292666591703892,MNIST_seed2_prop0.01,conv_logistic,same_other_sizes_cv,balanced,same,23721,3,1,23721
6,4,1,2,2025-07-22T20:12:50.455759Z,2025-07-22T20:19:12.851132Z,48,0.954813017476756,0.865509761388286,0.335388319318886,0.0404248237609863,MNIST_seed2_prop0.01,linear_logistic,same_other_sizes_cv,unbalanced,other,23721,1,1,23721
6,4,1,4,2025-07-22T20:12:54.452922Z,2025-07-22T20:18:38.234712Z,43,0.940923396841458,0.85812051410449,0.348258348440283,0.0468467175960541,MNIST_seed2_prop0.01,linear_logistic,same_other_sizes_cv,unbalanced,other,23721,2,1,23721
6,4,1,6,2025-07-22T20:12:59.131204Z,2025-07-22T20:19:13.983204Z,46,0.938273651635717,0.86084196458403,0.345750826099928,0.0593357384204865,MNIST_seed2_prop0.01,linear_logistic,same_other_sizes_cv,unbalanced,other,23721,3,1,23721
6,4,1,7,2025-07-22T20:13:23.804130Z,2025-07-22T20:18:55.836176Z,37,0.940954127674899,0.866402562373567,0.318143977386255,0.0509239174425602,MNIST_seed2_prop0.01,linear_logistic,same_other_sizes_cv,balanced,same,23721,1,1,23721
6,4,1,9,2025-07-22T20:13:36.437364Z,2025-07-22T20:19:41.954298Z,42,0.942327448677517,0.866610455311973,0.315056347556749,0.0499940440058708,MNIST_seed2_prop0.01,linear_logistic,same_other_sizes_cv,balanced,same,23721,2,1,23721
6,4,1,11,2025-07-22T20:13:36.465701Z,2025-07-22T20:19:06.126343Z,33,0.942684716807289,0.87080452015517,0.314117524307513,0.0498717613518238,MNIST_seed2_prop0.01,linear_logistic,same_other_sizes_cv,balanced,same,23721,3,1,23721
1,1,1,2,2025-07-22T20:13:38.223751Z,2025-07-22T21:06:21.981745Z,38,0.972259354470149,0.0101781170483461,0.725467748177509,0.000189549493370578,EMNIST_seed1_prop0.01,conv_AUM,same_other_sizes_cv,unbalanced,other,23333,1,1,23333
1,1,1,4,2025-07-22T20:13:40.780661Z,2025-07-22T21:07:52.206203Z,34,0.988446158240504,0.0101781170483461,0.743892743491044,0.000145065016113222,EMNIST_seed1_prop0.01,conv_AUM,same_other_sizes_cv,unbalanced,other,23333,2,1,23333
1,1,1,6,2025-07-22T20:13:44.765653Z,2025-07-22T21:03:10.447989Z,35,0.976436535162951,0.99048589874278,0.652263592719427,0.000212207625736482,EMNIST_seed1_prop0.01,conv_AUM,same_other_sizes_cv,unbalanced,other,23333,3,1,23333
1,1,1,7,2025-07-22T20:13:57.293889Z,2025-07-22T21:04:05.711403Z,36,0.982529824383632,0.545929734361611,0.686777355544348,0.000133300345623866,EMNIST_seed1_prop0.01,conv_AUM,same_other_sizes_cv,balanced,same,23333,1,1,23333
1,1,1,9,2025-07-24T11:10:06.930405Z,2025-07-24T12:22:18.395546Z,2,0.98431121772773,0.937617823479006,0.685157665763214,0.000144519042805769,EMNIST_seed1_prop0.01,conv_AUM,same_other_sizes_cv,balanced,same,23333,2,1,23333
1,1,1,11,2025-07-22T20:15:42.779808Z,2025-07-22T21:07:39.080812Z,26,0.980153711947136,0.593310463121784,0.685953998723145,0.000168331564054824,EMNIST_seed1_prop0.01,conv_AUM,same_other_sizes_cv,balanced,same,23333,3,1,23333
1,2,1,2,2025-07-22T20:15:54.105597Z,2025-07-22T20:22:11.557888Z,25,0.951822336475296,0.280237489397795,0.704440303345699,0.0013213912025094,EMNIST_seed1_prop0.01,linear_AUM,same_other_sizes_cv,unbalanced,other,23333,1,1,23333
1,2,1,4,2025-07-22T20:16:39.932706Z,2025-07-22T20:22:47.391114Z,54,0.968886032562129,0.791348600508906,0.677368442375884,0.00122347520664334,EMNIST_seed1_prop0.01,linear_AUM,same_other_sizes_cv,unbalanced,other,23333,2,1,23333
1,2,1,6,2025-07-22T20:16:40.796371Z,2025-07-22T20:23:04.231543Z,55,0.907050967900026,0.201664967720014,0.735223215007472,0.00363167095929384,EMNIST_seed1_prop0.01,linear_AUM,same_other_sizes_cv,unbalanced,other,23333,3,1,23333
1,2,1,7,2025-07-22T20:16:45.006970Z,2025-07-22T20:22:34.278910Z,59,0.952216531596921,0.605998286203942,0.668278995521196,0.00128735799808055,EMNIST_seed1_prop0.01,linear_AUM,same_other_sizes_cv,balanced,same,23333,1,1,23333
1,2,1,9,2025-07-22T20:17:00.825503Z,2025-07-22T20:23:01.644593Z,51,0.946967924698709,0.700085689802913,0.659208249655148,0.00201233988627791,EMNIST_seed1_prop0.01,linear_AUM,same_other_sizes_cv,balanced,same,23333,2,1,23333
1,2,1,11,2025-07-22T20:17:05.140638Z,2025-07-22T20:25:22.633390Z,53,0.954177613868057,0.787221269296741,0.6670155196224,0.00131426064763218,EMNIST_seed1_prop0.01,linear_AUM,same_other_sizes_cv,balanced,same,23333,3,1,23333
1,3,1,2,2025-07-22T20:17:07.277667Z,2025-07-22T21:08:48.007931Z,58,0.991639531562411,0.932654792196777,0.201477996725612,0.011789508163929,EMNIST_seed1_prop0.01,conv_logistic,same_other_sizes_cv,unbalanced,other,23333,1,1,23333
1,3,1,4,2025-07-22T20:18:42.583941Z,2025-07-22T21:08:36.398160Z,43,0.989140245644103,0.942324003392706,0.176314335256147,0.0162717811763287,EMNIST_seed1_prop0.01,conv_logistic,same_other_sizes_cv,unbalanced,other,23333,2,1,23333
1,3,1,6,2025-07-22T20:18:56.626574Z,2025-07-22T21:12:23.447902Z,37,0.989592011761821,0.934590553856609,0.186552332114016,0.0172743666917086,EMNIST_seed1_prop0.01,conv_logistic,same_other_sizes_cv,unbalanced,other,23333,3,1,23333
1,3,1,7,2025-07-22T20:19:10.939031Z,2025-07-22T21:09:41.346485Z,33,0.981710330283892,0.935047129391602,0.179389805629894,0.0274133775383234,EMNIST_seed1_prop0.01,conv_logistic,same_other_sizes_cv,balanced,same,23333,1,1,23333
1,3,1,9,2025-07-22T20:19:21.540599Z,2025-07-22T21:11:42.651039Z,48,0.984683039513499,0.942073693230506,0.166637971555678,0.0244956463575363,EMNIST_seed1_prop0.01,conv_logistic,same_other_sizes_cv,balanced,same,23333,2,1,23333
1,3,1,11,2025-07-22T20:19:32.275789Z,2025-07-22T21:13:01.961002Z,46,0.984136997666885,0.939794168096055,0.167727115971867,0.0255648549646139,EMNIST_seed1_prop0.01,conv_logistic,same_other_sizes_cv,balanced,same,23333,3,1,23333
1,4,1,2,2025-07-22T20:19:44.554387Z,2025-07-22T20:25:23.159609Z,42,0.973573264781491,0.893808312128923,0.304097479297593,0.0298509933054447,EMNIST_seed1_prop0.01,linear_logistic,same_other_sizes_cv,unbalanced,other,23333,1,1,23333
1,4,1,4,2025-07-22T20:21:18.116193Z,2025-07-22T20:27:28.199893Z,61,0.970068551842329,0.888040712468193,0.315711880582684,0.0270555056631565,EMNIST_seed1_prop0.01,linear_logistic,same_other_sizes_cv,unbalanced,other,23333,2,1,23333
1,4,1,6,2025-07-22T20:21:18.160428Z,2025-07-22T20:27:14.094167Z,62,0.95794841950502,0.891777098199117,0.311501124482243,0.0414303652942181,EMNIST_seed1_prop0.01,linear_logistic,same_other_sizes_cv,unbalanced,other,23333,3,1,23333
1,4,1,7,2025-07-22T20:21:20.473461Z,2025-07-22T20:27:13.633648Z,69,0.956619328006908,0.887317909168809,0.280545775815701,0.0416828244924545,EMNIST_seed1_prop0.01,linear_logistic,same_other_sizes_cv,balanced,same,23333,1,1,23333
1,4,1,9,2025-07-22T20:21:24.934734Z,2025-07-22T20:27:17.914088Z,64,0.956230735397672,0.888946015424165,0.282436904032632,0.0425043441355228,EMNIST_seed1_prop0.01,linear_logistic,same_other_sizes_cv,balanced,same,23333,2,1,23333
1,4,1,11,2025-07-22T20:21:25.664837Z,2025-07-22T20:27:19.412044Z,65,0.955566743848727,0.888507718696398,0.282807640344672,0.0429410710930824,EMNIST_seed1_prop0.01,linear_logistic,same_other_sizes_cv,balanced,same,23333,3,1,23333
2,1,1,2,2025-07-22T20:21:27.915837Z,2025-07-22T21:14:19.093911Z,66,0.988588974578693,0.989821882951654,0.662015290843736,0.000126946688396856,EMNIST_seed2_prop0.01,conv_AUM,same_other_sizes_cv,unbalanced,other,23333,1,1,23333
2,1,1,4,2025-07-22T20:21:28.643204Z,2025-07-22T21:13:10.158044Z,67,0.984144530134245,0.0101781170483461,0.757363348072554,0.000141398995765485,EMNIST_seed2_prop0.01,conv_AUM,same_other_sizes_cv,unbalanced,other,23333,2,1,23333
2,1,1,6,2025-07-22T20:22:11.860278Z,2025-07-22T21:14:22.776311Z,25,0.970377971085522,0.944614339109752,0.686353469503624,0.000219749344978482,EMNIST_seed2_prop0.01,conv_AUM,same_other_sizes_cv,unbalanced,other,23333,3,1,23333
2,1,1,7,2025-07-22T20:22:34.622661Z,2025-07-22T21:13:02.914032Z,59,0.983769763908806,0.5,0.685364689367306,0.000155890418682247,EMNIST_seed2_prop0.01,conv_AUM,same_other_sizes_cv,balanced,same,23333,1,1,23333
2,1,1,9,2025-07-22T20:22:48.950377Z,2025-07-22T21:13:48.131399Z,54,0.985928911974471,0.5,0.683519222961364,0.000182023024535738,EMNIST_seed2_prop0.01,conv_AUM,same_other_sizes_cv,balanced,same,23333,2,1,23333
2,1,1,11,2025-07-22T20:23:11.436501Z,2025-07-22T21:14:40.575145Z,51,0.978795356719399,0.5,0.688753751180675,0.000167980848345906,EMNIST_seed2_prop0.01,conv_AUM,same_other_sizes_cv,balanced,same,23333,3,1,23333
2,2,1,2,2025-07-22T20:23:17.378120Z,2025-07-22T20:28:47.628348Z,55,0.94873179091688,0.322815945716709,0.702612663354682,0.00152722420170903,EMNIST_seed2_prop0.01,linear_AUM,same_other_sizes_cv,unbalanced,other,23333,1,1,23333
2,2,1,4,2025-07-22T20:23:25.211995Z,2025-07-22T20:29:21.416123Z,56,0.947017994858614,0.700424088210348,0.684562255851355,0.00168159301392734,EMNIST_seed2_prop0.01,linear_AUM,same_other_sizes_cv,unbalanced,other,23333,2,1,23333
2,2,1,6,2025-07-22T20:24:10.374547Z,2025-07-22T20:30:52.319938Z,60,0.931640529282041,0.113999320421339,0.717756878897163,0.00190684490371495,EMNIST_seed2_prop0.01,linear_AUM,same_other_sizes_cv,unbalanced,other,23333,3,1,23333
2,2,1,7,2025-07-22T20:25:23.242908Z,2025-07-22T20:33:03.206870Z,53,0.937949377665874,0.625878320479863,0.671188124739682,0.00148196914233267,EMNIST_seed2_prop0.01,linear_AUM,same_other_sizes_cv,balanced,same,23333,1,1,23333
2,2,1,9,2025-07-22T20:25:27.879028Z,2025-07-22T20:31:23.189645Z,42,0.907570749157971,0.689545844044559,0.666776163863541,0.00265277782455087,EMNIST_seed2_prop0.01,linear_AUM,same_other_sizes_cv,balanced,same,23333,2,1,23333
2,2,1,11,2025-07-22T20:25:27.990369Z,2025-07-22T20:31:15.880568Z,73,0.954422723300842,0.622898799313894,0.661768676934731,0.00163347402121872,EMNIST_seed2_prop0.01,linear_AUM,same_other_sizes_cv,balanced,same,23333,3,1,23333
2,3,1,2,2025-07-22T20:25:33.284129Z,2025-07-22T21:17:11.531473Z,72,0.985535561268209,0.94334181509754,0.177414025983695,0.0200049728155136,EMNIST_seed2_prop0.01,conv_logistic,same_other_sizes_cv,unbalanced,other,23333,1,1,23333
2,3,1,4,2025-07-22T20:25:33.298836Z,2025-07-22T21:25:47.885161Z,77,0.975935447015142,0.896522476675149,0.293444764825148,0.0284738373011351,EMNIST_seed2_prop0.01,conv_logistic,same_other_sizes_cv,unbalanced,other,23333,2,1,23333
2,3,1,6,2025-07-22T20:25:33.308669Z,2025-07-22T21:25:20.957516Z,76,0.978687821612352,0.943255181787292,0.177504923921389,0.0280105099081993,EMNIST_seed2_prop0.01,conv_logistic,same_other_sizes_cv,unbalanced,other,23333,3,1,23333
2,3,1,7,2025-07-22T20:25:33.330159Z,2025-07-22T21:16:15.879552Z,75,0.981994509097291,0.867180805484147,0.318547234078679,0.015236952342093,EMNIST_seed2_prop0.01,conv_logistic,same_other_sizes_cv,balanced,same,23333,1,1,23333
2,3,1,9,2025-07-22T20:25:33.633713Z,2025-07-22T21:54:16.133562Z,79,0.981091248993126,0.932819194515853,0.183398068943576,0.0284850243479013,EMNIST_seed2_prop0.01,conv_logistic,same_other_sizes_cv,balanced,same,23333,2,1,23333
2,3,1,11,2025-07-22T20:25:36.979169Z,2025-07-22T21:16:42.410535Z,80,0.980800820267793,0.877958833619211,0.306948351604651,0.01680669747293,EMNIST_seed2_prop0.01,conv_logistic,same_other_sizes_cv,balanced,same,23333,3,1,23333
2,4,1,2,2025-07-22T20:25:38.572728Z,2025-07-22T20:31:38.703765Z,74,0.95624107397886,0.889906700593724,0.307488824193252,0.0400075651705265,EMNIST_seed2_prop0.01,linear_logistic,same_other_sizes_cv,unbalanced,other,23333,1,1,23333
2,4,1,4,2025-07-22T20:25:41.546965Z,2025-07-22T20:32:04.910758Z,71,0.959203084832908,0.894656488549618,0.303300323911909,0.0457960143685341,EMNIST_seed2_prop0.01,linear_logistic,same_other_sizes_cv,unbalanced,other,23333,2,1,23333
2,4,1,6,2025-07-22T20:25:42.483069Z,2025-07-22T20:31:48.235053Z,78,0.957115290370008,0.903329935440027,0.296753849185677,0.0466084517538548,EMNIST_seed2_prop0.01,linear_logistic,same_other_sizes_cv,unbalanced,other,23333,3,1,23333
2,4,1,7,2025-07-22T20:27:13.834193Z,2025-07-22T20:32:50.034482Z,69,0.954665982323082,0.881491002570694,0.285975130741856,0.0437609069049358,EMNIST_seed2_prop0.01,linear_logistic,same_other_sizes_cv,balanced,same,23333,1,1,23333
2,4,1,9,2025-07-22T20:27:14.258971Z,2025-07-22T20:33:42.379303Z,62,0.955161690857331,0.8853470437018,0.283473889577493,0.0432167984545231,EMNIST_seed2_prop0.01,linear_logistic,same_other_sizes_cv,balanced,same,23333,2,1,23333
2,4,1,11,2025-07-22T20:27:18.450186Z,2025-07-22T20:32:51.426661Z,64,0.956076219000909,0.887221269296741,0.282167246759001,0.0426688641309738,EMNIST_seed2_prop0.01,linear_logistic,same_other_sizes_cv,balanced,same,23333,3,1,23333
3,1,1,2,2025-07-22T20:27:19.934608Z,2025-07-22T21:18:02.654841Z,65,0.990279920022848,0.989821882951654,0.653639923784324,7.2779061156325e-05,FashionMNIST_seed1_prop0.01,conv_AUM,same_other_sizes_cv,unbalanced,other,23333,1,1,23333
3,1,1,4,2025-07-22T20:27:29.114095Z,2025-07-22T21:19:29.658811Z,61,0.985649814338763,0.989652247667515,0.659564442275023,0.000136089365696535,FashionMNIST_seed1_prop0.01,conv_AUM,same_other_sizes_cv,unbalanced,other,23333,2,1,23333
3,1,1,6,2025-07-22T20:29:45.094580Z,2025-07-22T21:21:04.879971Z,55,0.98466062239647,0.00985389058783554,0.717368164217209,0.000133933266624808,FashionMNIST_seed1_prop0.01,conv_AUM,same_other_sizes_cv,unbalanced,other,23333,3,1,23333
3,1,1,7,2025-07-22T20:29:45.142231Z,2025-07-22T21:26:09.666943Z,56,0.986151999171739,0.5,0.688519516982948,9.28729277802631e-05,FashionMNIST_seed1_prop0.01,conv_AUM,same_other_sizes_cv,balanced,same,23333,1,1,23333
3,1,1,9,2025-07-22T20:29:56.203976Z,2025-07-22T21:21:09.852756Z,81,0.983578000850289,0.5,0.688908503455866,0.000109641026938334,FashionMNIST_seed1_prop0.01,conv_AUM,same_other_sizes_cv,balanced,same,23333,2,1,23333
3,1,1,11,2025-07-22T20:29:56.233264Z,2025-07-22T21:23:41.543134Z,82,0.98710901205982,0.5,0.684813552320676,0.000162771553732455,FashionMNIST_seed1_prop0.01,conv_AUM,same_other_sizes_cv,balanced,same,23333,3,1,23333
3,2,1,2,2025-07-22T20:29:56.446246Z,2025-07-22T20:36:17.500886Z,86,0.980996858040559,0.968447837150127,0.614126691693925,0.00138795340899378,FashionMNIST_seed1_prop0.01,linear_AUM,same_other_sizes_cv,unbalanced,other,23333,1,1,23333
3,2,1,4,2025-07-22T20:29:56.542332Z,2025-07-22T20:36:11.189665Z,85,0.990508426163956,0.981509754028838,0.611603083393532,0.000820736691821367,FashionMNIST_seed1_prop0.01,linear_AUM,same_other_sizes_cv,unbalanced,other,23333,2,1,23333
3,2,1,6,2025-07-22T20:29:57.570854Z,2025-07-22T20:36:02.382282Z,84,0.989028424405782,0.776588515120625,0.663034434824025,0.00102180743124336,FashionMNIST_seed1_prop0.01,linear_AUM,same_other_sizes_cv,unbalanced,other,23333,3,1,23333
3,2,1,7,2025-07-22T20:30:02.189637Z,2025-07-22T20:36:47.841021Z,88,0.972250425695486,0.796829477292202,0.616442035723808,0.0026425973046571,FashionMNIST_seed1_prop0.01,linear_AUM,same_other_sizes_cv,balanced,same,23333,1,1,23333
3,2,1,9,2025-07-22T20:30:04.795417Z,2025-07-22T20:36:30.428175Z,89,0.967808580581824,0.787660668380463,0.618454681045272,0.00301325297914445,FashionMNIST_seed1_prop0.01,linear_AUM,same_other_sizes_cv,balanced,same,23333,2,1,23333
3,2,1,11,2025-07-22T20:30:04.805146Z,2025-07-22T20:36:46.001093Z,90,0.984626348602044,0.871355060034305,0.609805068273371,0.00173698365688324,FashionMNIST_seed1_prop0.01,linear_AUM,same_other_sizes_cv,balanced,same,23333,3,1,23333
3,3,1,2,2025-07-24T11:10:07.626006Z,2025-07-24T12:21:59.087260Z,3,0.98936303913168,0.944359626802375,0.144159811062021,0.0246644783765078,FashionMNIST_seed1_prop0.01,conv_logistic,same_other_sizes_cv,unbalanced,other,23333,1,1,23333
3,3,1,4,2025-07-22T20:31:16.662937Z,2025-07-22T21:21:43.041660Z,73,0.99305912596401,0.951484308736217,0.139494240647399,0.0115527799353004,FashionMNIST_seed1_prop0.01,conv_logistic,same_other_sizes_cv,unbalanced,other,23333,2,1,23333
3,3,1,6,2025-07-22T20:31:24.302505Z,2025-07-22T21:23:30.222061Z,42,0.993687209017399,0.9502208630649,0.140489363078326,0.0110315671190619,FashionMNIST_seed1_prop0.01,conv_logistic,same_other_sizes_cv,unbalanced,other,23333,3,1,23333
3,3,1,7,2025-07-22T20:31:38.860348Z,2025-07-22T21:23:04.192947Z,74,0.987525003873296,0.950556983718938,0.138200206748159,0.0241064541041851,FashionMNIST_seed1_prop0.01,conv_logistic,same_other_sizes_cv,balanced,same,23333,1,1,23333
3,3,1,9,2025-07-22T20:31:48.636797Z,2025-07-22T21:22:50.503366Z,78,0.986960699440263,0.951499571550985,0.138699574497259,0.0244223959743977,FashionMNIST_seed1_prop0.01,conv_logistic,same_other_sizes_cv,balanced,same,23333,2,1,23333
3,3,1,11,2025-07-22T20:32:05.175813Z,2025-07-22T21:25:28.920414Z,71,0.988329366351956,0.949656946826758,0.135300498820994,0.0232495442032814,FashionMNIST_seed1_prop0.01,conv_logistic,same_other_sizes_cv,balanced,same,23333,3,1,23333
3,4,1,2,2025-07-22T20:32:50.859690Z,2025-07-22T20:38:43.641766Z,69,0.985207083690375,0.949279050042409,0.166908818497257,0.0226232837885618,FashionMNIST_seed1_prop0.01,linear_logistic,same_other_sizes_cv,unbalanced,other,23333,1,1,23333
3,4,1,4,2025-07-22T20:33:10.687071Z,2025-07-22T20:38:51.690236Z,64,0.988469008854615,0.946395250212044,0.162741038348309,0.0196984615176916,FashionMNIST_seed1_prop0.01,linear_logistic,same_other_sizes_cv,unbalanced,other,23333,2,1,23333
3,4,1,6,2025-07-22T20:33:34.202972Z,2025-07-22T20:40:54.565290Z,53,0.989411296250921,0.949711179068977,0.162325717696719,0.0182821154594421,FashionMNIST_seed1_prop0.01,linear_logistic,same_other_sizes_cv,unbalanced,other,23333,3,1,23333
3,4,1,7,2025-07-22T20:33:42.617091Z,2025-07-22T20:40:26.539978Z,62,0.987292062715831,0.95509854327335,0.146225217471038,0.0198363736271858,FashionMNIST_seed1_prop0.01,linear_logistic,same_other_sizes_cv,balanced,same,23333,1,1,23333
3,4,1,9,2025-07-22T20:34:15.236993Z,2025-07-22T20:40:14.314258Z,91,0.988272935606352,0.95484147386461,0.142876032672646,0.0190729554742575,FashionMNIST_seed1_prop0.01,linear_logistic,same_other_sizes_cv,balanced,same,23333,2,1,23333
3,4,1,11,2025-07-22T20:34:16.885803Z,2025-07-22T20:40:25.244382Z,95,0.988126623691852,0.956946826758147,0.140953230879888,0.0188819486647844,FashionMNIST_seed1_prop0.01,linear_logistic,same_other_sizes_cv,balanced,same,23333,3,1,23333
4,1,1,2,2025-07-22T20:34:21.961017Z,2025-07-22T21:25:20.828364Z,99,0.983227649243076,0.990161153519932,0.666551822837173,0.000208902129088528,FashionMNIST_seed2_prop0.01,conv_AUM,same_other_sizes_cv,unbalanced,other,23333,1,1,23333
4,1,1,4,2025-07-22T20:34:22.943264Z,2025-07-22T21:24:27.651136Z,100,0.97805626963725,0.0132315521628499,0.710285968548075,0.00018299491785001,FashionMNIST_seed2_prop0.01,conv_AUM,same_other_sizes_cv,unbalanced,other,23333,2,1,23333
4,1,1,6,2025-07-22T20:34:23.676120Z,2025-07-22T21:26:19.801016Z,93,0.987164604263658,0.0197077811756711,0.709059393084231,0.000157436006702483,FashionMNIST_seed2_prop0.01,conv_AUM,same_other_sizes_cv,unbalanced,other,23333,3,1,23333
4,1,1,7,2025-07-22T20:34:27.224620Z,2025-07-22T21:27:56.436485Z,98,0.98556565182625,0.5,0.685396909789392,0.000148965395055711,FashionMNIST_seed2_prop0.01,conv_AUM,same_other_sizes_cv,balanced,same,23333,1,1,23333
4,1,1,9,2025-07-22T20:34:34.093026Z,2025-07-22T21:27:30.772401Z,96,0.984991537489472,0.544387317909169,0.683720200148347,0.00018045179604087,FashionMNIST_seed2_prop0.01,conv_AUM,same_other_sizes_cv,balanced,same,23333,2,1,23333
4,1,1,11,2025-07-22T20:34:43.592775Z,2025-07-22T21:30:24.044077Z,97,0.983427619016797,0.501286449399657,0.684132563869384,0.000188877922482789,FashionMNIST_seed2_prop0.01,conv_AUM,same_other_sizes_cv,balanced,same,23333,3,1,23333
4,2,1,2,2025-07-22T20:35:45.784419Z,2025-07-22T20:41:49.333327Z,92,0.985315624107398,0.931806615776081,0.635786358371409,0.000830347533337772,FashionMNIST_seed2_prop0.01,linear_AUM,same_other_sizes_cv,unbalanced,other,23333,1,1,23333
4,2,1,4,2025-07-22T20:35:57.535587Z,2025-07-22T20:41:32.093571Z,87,0.984181662382177,0.93214588634436,0.634295092003408,0.0011937019880861,FashionMNIST_seed2_prop0.01,linear_AUM,same_other_sizes_cv,unbalanced,other,23333,2,1,23333
4,2,1,6,2025-07-22T20:36:02.678745Z,2025-07-22T20:41:32.500387Z,84,0.989457240872339,0.862725110431532,0.64658658491826,0.000712164619471878,FashionMNIST_seed2_prop0.01,linear_AUM,same_other_sizes_cv,unbalanced,other,23333,3,1,23333
4,2,1,7,2025-07-22T20:36:11.343850Z,2025-07-22T20:42:18.802968Z,85,0.977325817302291,0.911568123393316,0.628857694615634,0.00173016509506851,FashionMNIST_seed2_prop0.01,linear_AUM,same_other_sizes_cv,balanced,same,23333,1,1,23333
4,2,1,9,2025-07-22T20:36:17.627479Z,2025-07-22T20:42:26.818536Z,86,0.963295701778926,0.737789203084833,0.641227133389305,0.00221600546501577,FashionMNIST_seed2_prop0.01,linear_AUM,same_other_sizes_cv,balanced,same,23333,2,1,23333
4,2,1,11,2025-07-22T20:36:31.162953Z,2025-07-22T20:42:51.656417Z,89,0.987245674323088,0.94991423670669,0.636704653595124,0.000866620219312608,FashionMNIST_seed2_prop0.01,linear_AUM,same_other_sizes_cv,balanced,same,23333,3,1,23333
4,3,1,2,2025-07-22T20:36:47.090973Z,2025-07-22T21:32:08.098231Z,90,0.989357326478148,0.943681085665819,0.14956341731221,0.0142425820231438,FashionMNIST_seed2_prop0.01,conv_logistic,same_other_sizes_cv,unbalanced,other,23333,1,1,23333
4,3,1,4,2025-07-22T20:36:50.578990Z,2025-07-22T21:32:42.939003Z,88,0.988943159097403,0.953859202714165,0.136908002662958,0.0162182785570622,FashionMNIST_seed2_prop0.01,conv_logistic,same_other_sizes_cv,unbalanced,other,23333,2,1,23333
4,3,1,6,2025-07-22T20:37:30.170982Z,2025-07-22T21:30:38.999322Z,94,0.987025238912029,0.948352021746517,0.140652448816019,0.0240068770945072,FashionMNIST_seed2_prop0.01,conv_logistic,same_other_sizes_cv,unbalanced,other,23333,3,1,23333
4,3,1,7,2025-07-22T20:38:44.925284Z,2025-07-22T21:31:53.456202Z,69,0.987778695620568,0.949357326478149,0.137237460019387,0.0246025454252958,FashionMNIST_seed2_prop0.01,conv_logistic,same_other_sizes_cv,balanced,same,23333,1,1,23333
4,3,1,9,2025-07-22T20:38:52.517959Z,2025-07-22T21:29:52.422818Z,64,0.986782358914713,0.947043701799486,0.142974257834315,0.025649631395936,FashionMNIST_seed2_prop0.01,conv_logistic,same_other_sizes_cv,balanced,same,23333,2,1,23333
4,3,1,11,2025-07-22T20:40:15.167480Z,2025-07-22T21:31:04.162685Z,91,0.986281550741566,0.946397941680961,0.145667829751985,0.0268086083233357,FashionMNIST_seed2_prop0.01,conv_logistic,same_other_sizes_cv,balanced,same,23333,3,1,23333
4,4,1,2,2025-07-22T20:40:25.436360Z,2025-07-22T20:46:20.018833Z,95,0.990676949443014,0.944020356234097,0.170585600811344,0.0132238436490297,FashionMNIST_seed2_prop0.01,linear_logistic,same_other_sizes_cv,unbalanced,other,23333,1,1,23333
4,4,1,4,2025-07-22T20:40:26.690687Z,2025-07-22T20:47:04.741878Z,62,0.988143387603539,0.944698897370653,0.163951527001903,0.0159153770655394,FashionMNIST_seed2_prop0.01,linear_logistic,same_other_sizes_cv,unbalanced,other,23333,2,1,23333
4,4,1,6,2025-07-22T20:41:23.152162Z,2025-07-22T20:49:44.717117Z,53,0.986823082577798,0.947162759089365,0.166576455724185,0.0156724154949188,FashionMNIST_seed2_prop0.01,linear_logistic,same_other_sizes_cv,unbalanced,other,23333,3,1,23333
4,4,1,7,2025-07-22T20:41:32.369687Z,2025-07-22T20:47:17.638774Z,87,0.987226888534969,0.950642673521851,0.147585734448417,0.0204710029065609,FashionMNIST_seed2_prop0.01,linear_logistic,same_other_sizes_cv,balanced,same,23333,1,1,23333
4,4,1,9,2025-07-22T20:41:34.999626Z,2025-07-22T20:47:26.726405Z,84,0.988289353978188,0.95458440445587,0.144458920350704,0.0183514393866062,FashionMNIST_seed2_prop0.01,linear_logistic,same_other_sizes_cv,balanced,same,23333,2,1,23333
4,4,1,11,2025-07-22T20:41:49.420020Z,2025-07-22T20:47:35.230705Z,92,0.98677412331673,0.953516295025729,0.14718798124244,0.0204121135175228,FashionMNIST_seed2_prop0.01,linear_logistic,same_other_sizes_cv,balanced,same,23333,3,1,23333
5,1,1,1,2025-07-22T20:42:19.300602Z,2025-07-22T21:13:30.207598Z,85,0.934616028180016,0.504888739042482,0.686455895281931,0.000489373807795346,MNIST_seed1_prop0.01,conv_AUM,same_other_sizes_cv,balanced,other,11980,1,1,11980
5,1,1,3,2025-07-22T20:42:26.974823Z,2025-07-22T21:12:47.382770Z,86,0.95118360922397,0.5,0.686756478482906,0.000428371247835457,MNIST_seed1_prop0.01,conv_AUM,same_other_sizes_cv,balanced,other,11980,2,1,11980
5,1,1,5,2025-07-22T20:42:52.127431Z,2025-07-22T21:12:47.674664Z,89,0.940877604301716,0.5,0.685046315501349,0.000650330970529467,MNIST_seed1_prop0.01,conv_AUM,same_other_sizes_cv,balanced,other,11980,3,1,11980
5,1,1,8,2025-07-22T20:45:27.801218Z,2025-07-22T21:09:44.759750Z,4,0.929614870167914,0.989821458368096,0.633549520666569,0.000382164231268689,MNIST_seed1_prop0.01,conv_AUM,same_other_sizes_cv,unbalanced,same,11980,1,1,11980
5,1,1,10,2025-07-22T20:46:29.562720Z,2025-07-22T21:11:07.838468Z,7,0.936581801832184,0.0100150225338007,0.750815619390229,0.000485858647152782,MNIST_seed1_prop0.01,conv_AUM,same_other_sizes_cv,unbalanced,same,11980,2,1,11980
5,1,1,12,2025-07-22T20:46:40.723436Z,2025-07-22T21:12:41.776251Z,6,0.935056889571405,0.990644837955229,0.664201039628586,0.000545425340533257,MNIST_seed1_prop0.01,conv_AUM,same_other_sizes_cv,unbalanced,same,11980,3,1,11980
5,2,1,1,2025-07-22T20:46:40.751489Z,2025-07-22T20:49:10.755569Z,95,0.874119033469453,0.751938637896156,0.65956202001342,0.00520278885960579,MNIST_seed1_prop0.01,linear_AUM,same_other_sizes_cv,balanced,other,11980,1,1,11980
5,2,1,3,2025-07-22T20:46:54.813527Z,2025-07-22T20:49:53.792154Z,3,0.884252251534911,0.797217537942664,0.663973610987522,0.00398840568959713,MNIST_seed1_prop0.01,linear_AUM,same_other_sizes_cv,balanced,other,11980,2,1,11980
5,2,1,5,2025-07-22T20:47:05.024076Z,2025-07-22T20:50:13.803229Z,62,0.889773490720191,0.761258222297183,0.658937789204962,0.00439901882782578,MNIST_seed1_prop0.01,linear_AUM,same_other_sizes_cv,balanced,other,11980,3,1,11980
5,2,1,8,2025-07-22T20:47:19.623482Z,2025-07-22T20:49:32.537947Z,87,0.8968722018947,0.559486067078258,0.689023117190542,0.00559517182409763,MNIST_seed1_prop0.01,linear_AUM,same_other_sizes_cv,unbalanced,same,11980,1,1,11980
5,2,1,10,2025-07-22T20:47:37.890078Z,2025-07-22T20:50:02.247812Z,84,0.868276850446803,0.448839926556501,0.701088948028708,0.00610319152474403,MNIST_seed1_prop0.01,linear_AUM,same_other_sizes_cv,unbalanced,same,11980,2,1,11980
5,2,1,12,2025-07-22T20:47:37.942810Z,2025-07-22T20:50:29.859362Z,92,0.882323514356185,0.736719011025727,0.674178346077395,0.00364989275112748,MNIST_seed1_prop0.01,linear_AUM,same_other_sizes_cv,unbalanced,same,11980,3,1,11980
5,3,1,1,2025-07-24T11:10:09.417849Z,2025-07-24T11:37:25.328629Z,4,0.567802935403214,0.5,2.26839679468306,0.00435275537893176,MNIST_seed1_prop0.01,conv_logistic,same_other_sizes_cv,balanced,other,11980,1,1,11980
5,3,1,3,2025-07-22T20:49:14.076084Z,2025-07-22T21:17:34.057817Z,95,0.595753492829498,0.5,2.22624450830194,0.00344432424753904,MNIST_seed1_prop0.01,conv_logistic,same_other_sizes_cv,balanced,other,11980,2,1,11980
5,3,1,5,2025-07-22T20:49:32.713577Z,2025-07-22T21:16:31.742894Z,87,0.548412056299767,0.5,2.25847131989873,0.00436731241643429,MNIST_seed1_prop0.01,conv_logistic,same_other_sizes_cv,balanced,other,11980,3,1,11980
5,3,1,8,2025-07-22T20:49:44.917055Z,2025-07-22T21:22:10.449059Z,53,0.607210959176681,0.989821458368096,0.0560221373042855,0.00461876438930631,MNIST_seed1_prop0.01,conv_logistic,same_other_sizes_cv,unbalanced,same,11980,1,1,11980
5,3,1,10,2025-07-22T20:49:54.085746Z,2025-07-22T21:17:50.219569Z,3,0.492716236722307,0.989984977466199,0.0577892161205305,0.0046707452274859,MNIST_seed1_prop0.01,conv_logistic,same_other_sizes_cv,unbalanced,same,11980,2,1,11980
5,3,1,12,2025-07-22T20:50:13.368835Z,2025-07-22T21:18:02.872806Z,84,0.511917434501372,0.990310725025059,0.0563476907797588,0.00550537370145321,MNIST_seed1_prop0.01,conv_logistic,same_other_sizes_cv,unbalanced,same,11980,3,1,11980
5,4,1,1,2025-07-22T20:50:14.293475Z,2025-07-22T20:54:37.607573Z,62,0.681852777192993,0.5,2.06650572128101,0.00892392639070749,MNIST_seed1_prop0.01,linear_logistic,same_other_sizes_cv,balanced,other,11980,1,1,11980
5,4,1,3,2025-07-22T20:50:30.484054Z,2025-07-22T20:54:23.090190Z,92,0.675961185727814,0.5,2.07435001848771,0.00889368169009686,MNIST_seed1_prop0.01,linear_logistic,same_other_sizes_cv,balanced,other,11980,2,1,11980
5,4,1,5,2025-07-22T20:53:45.909309Z,2025-07-22T20:57:34.766331Z,2,0.692693812748661,0.5,2.02908366797021,0.00896122399717569,MNIST_seed1_prop0.01,linear_logistic,same_other_sizes_cv,balanced,other,11980,3,1,11980
5,4,1,8,2025-07-22T20:54:27.645228Z,2025-07-22T20:58:21.682715Z,92,0.680495064280422,0.989821458368096,0.0568392766923513,0.00910500530153513,MNIST_seed1_prop0.01,linear_logistic,same_other_sizes_cv,unbalanced,same,11980,1,1,11980
5,4,1,10,2025-07-22T20:54:42.546136Z,2025-07-22T20:59:09.838600Z,62,0.657406002360479,0.989984977466199,0.0560851244788751,0.00938072241842747,MNIST_seed1_prop0.01,linear_logistic,same_other_sizes_cv,unbalanced,same,11980,2,1,11980
5,4,1,12,2025-07-22T20:54:58.627435Z,2025-07-22T20:58:54.012448Z,1,0.704613406859325,0.990310725025059,0.0521316836023829,0.00837380159646273,MNIST_seed1_prop0.01,linear_logistic,same_other_sizes_cv,unbalanced,same,11980,3,1,11980
6,1,1,1,2025-07-22T20:55:19.237426Z,2025-07-22T21:20:06.797085Z,24,0.919556345823582,0.503961564396494,0.684344537577329,0.000744038727134466,MNIST_seed2_prop0.01,conv_AUM,same_other_sizes_cv,balanced,other,11980,1,1,11980
6,1,1,3,2025-07-22T20:55:30.019707Z,2025-07-22T21:20:43.726551Z,29,0.933165670882044,0.5,0.687257242714689,0.000449506216682494,MNIST_seed2_prop0.01,conv_AUM,same_other_sizes_cv,balanced,other,11980,2,1,11980
6,1,1,5,2025-07-22T20:55:37.393526Z,2025-07-22T21:22:45.156909Z,21,0.946510843827139,0.774582560296846,0.686021744083073,0.000405613478505984,MNIST_seed2_prop0.01,conv_AUM,same_other_sizes_cv,balanced,other,11980,3,1,11980
6,1,1,8,2025-07-22T20:55:42.257202Z,2025-07-22T21:21:55.669294Z,23,0.953686866453691,0.989821458368096,0.618508172912402,0.000490577018354088,MNIST_seed2_prop0.01,conv_AUM,same_other_sizes_cv,unbalanced,same,11980,1,1,11980
6,1,1,10,2025-07-22T20:56:41.642126Z,2025-07-22T21:21:40.939646Z,17,0.914313213061314,0.0100150225338007,0.715309960490342,0.000600269180722535,MNIST_seed2_prop0.01,conv_AUM,same_other_sizes_cv,unbalanced,same,11980,2,1,11980
6,1,1,12,2025-07-22T20:57:22.418270Z,2025-07-22T21:26:25.718759Z,16,0.938945507003586,0.975776812562646,0.677408137983016,0.000518481305334717,MNIST_seed2_prop0.01,conv_AUM,same_other_sizes_cv,unbalanced,same,11980,3,1,11980
6,2,1,1,2025-07-22T20:57:37.301067Z,2025-07-22T21:00:47.168511Z,27,0.889938492621934,0.695212407282535,0.660408559192029,0.00412708288058639,MNIST_seed2_prop0.01,linear_AUM,same_other_sizes_cv,balanced,other,11980,1,1,11980
6,2,1,3,2025-07-22T20:57:37.630953Z,2025-07-22T20:59:57.680604Z,2,0.882404656347665,0.80168634064081,0.653312164604634,0.00558974035084248,MNIST_seed2_prop0.01,linear_AUM,same_other_sizes_cv,balanced,other,11980,2,1,11980
6,2,1,5,2025-07-22T20:58:35.791187Z,2025-07-22T21:01:00.957368Z,92,0.87342550250489,0.776353516613257,0.659257764159269,0.00519367353990674,MNIST_seed2_prop0.01,linear_AUM,same_other_sizes_cv,balanced,other,11980,3,1,11980
6,2,1,8,2025-07-22T20:58:38.408111Z,2025-07-22T21:02:06.527084Z,18,0.870864331273558,0.625563157016519,0.681037647542329,0.0043585067614913,MNIST_seed2_prop0.01,linear_AUM,same_other_sizes_cv,unbalanced,same,11980,1,1,11980
6,2,1,10,2025-07-22T20:58:55.163671Z,2025-07-22T21:01:19.447760Z,1,0.910358005957399,0.722250041729261,0.669901366152949,0.00438248598948121,MNIST_seed2_prop0.01,linear_AUM,same_other_sizes_cv,unbalanced,same,11980,2,1,11980
6,2,1,12,2025-07-22T20:59:15.117161Z,2025-07-22T21:01:57.610862Z,62,0.881320094001584,0.484463748747077,0.696504166600352,0.0047038896009326,MNIST_seed2_prop0.01,linear_AUM,same_other_sizes_cv,unbalanced,same,11980,3,1,11980
6,3,1,1,2025-07-22T20:59:22.208714Z,2025-07-22T21:35:48.120088Z,14,0.640789762054919,0.5,2.19228618557047,0.00423151673749089,MNIST_seed2_prop0.01,conv_logistic,same_other_sizes_cv,balanced,other,11980,1,1,11980
6,3,1,3,2025-07-22T20:59:36.648424Z,2025-07-22T21:26:43.216675Z,39,0.618517698045494,0.5,2.21389067463236,0.00396857503801584,MNIST_seed2_prop0.01,conv_logistic,same_other_sizes_cv,balanced,other,11980,2,1,11980
6,3,1,5,2025-07-22T20:59:58.412210Z,2025-07-22T21:36:58.952165Z,2,0.622231373951403,0.5,2.20232516894745,0.00429265154525638,MNIST_seed2_prop0.01,conv_logistic,same_other_sizes_cv,balanced,other,11980,3,1,11980
6,3,1,8,2025-07-22T21:00:54.827366Z,2025-07-22T21:28:51.552318Z,27,0.584880006190375,0.989821458368096,0.0570756040569185,0.00398299610242248,MNIST_seed2_prop0.01,conv_logistic,same_other_sizes_cv,unbalanced,same,11980,1,1,11980
6,3,1,10,2025-07-22T21:01:21.405013Z,2025-07-22T21:29:14.325276Z,92,0.617991625920308,0.989984977466199,0.0550749939027361,0.00378365279175341,MNIST_seed2_prop0.01,conv_logistic,same_other_sizes_cv,unbalanced,same,11980,2,1,11980
6,3,1,12,2025-07-22T21:01:21.633023Z,2025-07-22T21:38:47.937665Z,1,0.545152461724605,0.990310725025059,0.0551609836189007,0.00436281785368919,MNIST_seed2_prop0.01,conv_logistic,same_other_sizes_cv,unbalanced,same,11980,3,1,11980
6,4,1,1,2025-07-22T21:01:38.905431Z,2025-07-22T21:05:22.851552Z,19,0.685995692812541,0.5,2.0504704843857,0.00888469163328409,MNIST_seed2_prop0.01,linear_logistic,same_other_sizes_cv,balanced,other,11980,1,1,11980
6,4,1,3,2025-07-22T21:02:08.910716Z,2025-07-22T21:06:38.202577Z,62,0.690486621602791,0.5,2.04321713590806,0.00907505862414837,MNIST_seed2_prop0.01,linear_logistic,same_other_sizes_cv,balanced,other,11980,2,1,11980
6,4,1,5,2025-07-22T21:02:09.519187Z,2025-07-22T21:06:08.611019Z,18,0.681978239094592,0.5,2.04674614484584,0.00923170149326324,MNIST_seed2_prop0.01,linear_logistic,same_other_sizes_cv,balanced,other,11980,3,1,11980
6,4,1,8,2025-07-22T21:03:12.659446Z,2025-07-22T21:06:44.752101Z,35,0.688354631175176,0.989821458368096,0.0563931990472246,0.00859516393393278,MNIST_seed2_prop0.01,linear_logistic,same_other_sizes_cv,unbalanced,same,11980,1,1,11980
6,4,1,10,2025-07-22T21:03:57.902339Z,2025-07-22T21:07:36.642059Z,41,0.728456415444278,0.989984977466199,0.052792875191606,0.00817097257822752,MNIST_seed2_prop0.01,linear_logistic,same_other_sizes_cv,unbalanced,same,11980,2,1,11980
6,4,1,12,2025-07-22T21:04:05.908872Z,2025-07-22T21:07:47.974312Z,36,0.735655451626411,0.990310725025059,0.0517310128032799,0.00824252795428038,MNIST_seed2_prop0.01,linear_logistic,same_other_sizes_cv,unbalanced,same,11980,3,1,11980
1,1,1,1,2025-07-22T21:04:46.309710Z,2025-07-22T21:28:57.622118Z,44,0.955809864093182,0.673864610111397,0.682030113961024,0.000520895235240459,EMNIST_seed1_prop0.01,conv_AUM,same_other_sizes_cv,balanced,other,11784,1,1,11784
1,1,1,3,2025-07-22T21:04:47.465292Z,2025-07-22T21:30:58.962667Z,49,0.950162046980334,0.777549271636675,0.681733700403358,0.000601476000156254,EMNIST_seed1_prop0.01,conv_AUM,same_other_sizes_cv,balanced,other,11784,2,1,11784
1,1,1,5,2025-07-22T21:04:47.796622Z,2025-07-22T21:30:10.056131Z,12,0.921896236712574,0.5,0.685929826389267,0.000700158590916544,EMNIST_seed1_prop0.01,conv_AUM,same_other_sizes_cv,balanced,other,11784,3,1,11784
1,1,1,8,2025-07-22T21:05:23.530046Z,2025-07-22T21:24:15.324047Z,19,0.938734647243647,0.0101781170483461,0.739275657607703,0.000579544343054295,EMNIST_seed1_prop0.01,conv_AUM,same_other_sizes_cv,unbalanced,same,11784,1,1,11784
1,1,1,10,2025-07-22T21:06:09.095935Z,2025-07-22T21:34:01.002350Z,18,0.965412739217368,0.125869380831213,0.702032170665174,0.000346457178238779,EMNIST_seed1_prop0.01,conv_AUM,same_other_sizes_cv,unbalanced,same,11784,2,1,11784
1,1,1,12,2025-07-22T21:06:16.084650Z,2025-07-22T21:42:11.462610Z,15,0.965385322224945,0.0101936799184506,0.72949320558879,0.00043213355820626,EMNIST_seed1_prop0.01,conv_AUM,same_other_sizes_cv,unbalanced,same,11784,3,1,11784
1,2,1,1,2025-07-24T11:10:09.694194Z,2025-07-24T11:12:43.775678Z,5,0.883685439855965,0.683461868037704,0.650546542591518,0.00595005229115486,EMNIST_seed1_prop0.01,linear_AUM,same_other_sizes_cv,balanced,other,11784,1,1,11784
1,2,1,3,2025-07-22T21:06:22.378770Z,2025-07-22T21:08:49.939536Z,38,0.906676491255895,0.62879177377892,0.651731214893909,0.00447041168808937,EMNIST_seed1_prop0.01,linear_AUM,same_other_sizes_cv,balanced,other,11784,2,1,11784
1,2,1,5,2025-07-22T21:06:39.074453Z,2025-07-22T21:09:18.111652Z,62,0.905857206323241,0.59073756432247,0.645677391234367,0.00556648569181562,EMNIST_seed1_prop0.01,linear_AUM,same_other_sizes_cv,balanced,other,11784,3,1,11784
1,2,1,8,2025-07-22T21:06:45.587790Z,2025-07-22T21:08:55.716968Z,35,0.907874892887745,0.229177268871925,0.727513010090739,0.00533071160316467,EMNIST_seed1_prop0.01,linear_AUM,same_other_sizes_cv,unbalanced,same,11784,1,1,11784
1,2,1,10,2025-07-22T21:07:37.059346Z,2025-07-22T21:09:53.993315Z,41,0.937383604684373,0.156234096692112,0.737913627981407,0.00401755515486002,EMNIST_seed1_prop0.01,linear_AUM,same_other_sizes_cv,unbalanced,same,11784,2,1,11784
1,2,1,12,2025-07-22T21:07:39.272937Z,2025-07-22T21:10:01.053912Z,26,0.894946091644207,0.449711179068977,0.703223016097287,0.00592177687212825,EMNIST_seed1_prop0.01,linear_AUM,same_other_sizes_cv,unbalanced,same,11784,3,1,11784
1,3,1,1,2025-07-22T21:07:48.114944Z,2025-07-22T21:33:18.696041Z,36,0.674505793056556,0.5,2.14899201554253,0.00365203758701682,EMNIST_seed1_prop0.01,conv_logistic,same_other_sizes_cv,balanced,other,11784,1,1,11784
1,3,1,3,2025-07-22T21:07:54.879272Z,2025-07-22T21:36:39.353268Z,34,0.720618949121404,0.5,2.05723126418528,0.00420511467382312,EMNIST_seed1_prop0.01,conv_logistic,same_other_sizes_cv,balanced,other,11784,2,1,11784
1,3,1,5,2025-07-22T21:07:58.662132Z,2025-07-22T21:36:07.838741Z,47,0.734782929132746,0.5,2.01189554628762,0.00452057365328074,EMNIST_seed1_prop0.01,conv_logistic,same_other_sizes_cv,balanced,other,11784,3,1,11784
1,3,1,8,2025-07-22T21:08:36.684460Z,2025-07-22T21:35:23.793888Z,43,0.678777492145105,0.989821882951654,0.0540998083543312,0.00445544952526689,EMNIST_seed1_prop0.01,conv_logistic,same_other_sizes_cv,unbalanced,same,11784,1,1,11784
1,3,1,10,2025-07-22T21:08:50.197384Z,2025-07-22T21:36:39.206570Z,38,0.706845187089402,0.989821882951654,0.0537982845631878,0.00442447699606419,EMNIST_seed1_prop0.01,conv_logistic,same_other_sizes_cv,unbalanced,same,11784,2,1,11784
1,3,1,12,2025-07-22T21:08:50.205127Z,2025-07-22T21:35:52.004173Z,58,0.722586375888259,0.99048589874278,0.0501484969691069,0.00435993541032076,EMNIST_seed1_prop0.01,conv_logistic,same_other_sizes_cv,unbalanced,same,11784,3,1,11784
1,4,1,1,2025-07-22T21:08:55.870218Z,2025-07-22T21:12:31.827213Z,35,0.722501877906349,0.500514138817481,1.93472815798247,0.00998085178434849,EMNIST_seed1_prop0.01,linear_logistic,same_other_sizes_cv,balanced,other,11784,1,1,11784
1,4,1,3,2025-07-22T21:09:18.408222Z,2025-07-22T21:13:36.172144Z,62,0.717379052184135,0.5,1.95762426629459,0.00925056543201208,EMNIST_seed1_prop0.01,linear_logistic,same_other_sizes_cv,balanced,other,11784,2,1,11784
1,4,1,5,2025-07-22T21:09:41.572997Z,2025-07-22T21:13:16.794080Z,33,0.715919358967192,0.500257289879931,1.93028078311642,0.00988117232918739,EMNIST_seed1_prop0.01,linear_logistic,same_other_sizes_cv,balanced,other,11784,3,1,11784
1,4,1,8,2025-07-22T21:10:00.153735Z,2025-07-22T21:13:48.415087Z,4,0.698020565552702,0.989821882951654,0.0545294792721703,0.0101503003388643,EMNIST_seed1_prop0.01,linear_logistic,same_other_sizes_cv,unbalanced,same,11784,1,1,11784
1,4,1,10,2025-07-24T11:12:44.063296Z,2025-07-24T11:16:27.161571Z,5,0.697953441873748,0.989821882951654,0.0548549607167515,0.00949771516025066,EMNIST_seed1_prop0.01,linear_logistic,same_other_sizes_cv,unbalanced,same,11784,2,1,11784
1,4,1,12,2025-07-22T21:10:00.287028Z,2025-07-22T21:13:38.198019Z,41,0.714126439598139,0.99048589874278,0.0515435656190688,0.00968428049236536,EMNIST_seed1_prop0.01,linear_logistic,same_other_sizes_cv,unbalanced,same,11784,3,1,11784
2,1,1,1,2025-07-22T21:10:01.276886Z,2025-07-22T21:37:14.312419Z,26,0.938547120947449,0.663496143958869,0.684506274716687,0.000523679133038968,EMNIST_seed2_prop0.01,conv_AUM,same_other_sizes_cv,balanced,other,11784,1,1,11784
2,1,1,3,2025-07-22T21:10:04.782858Z,2025-07-22T21:37:58.591490Z,31,0.929875401005515,0.672750642673522,0.684592512392242,0.000629693444352597,EMNIST_seed2_prop0.01,conv_AUM,same_other_sizes_cv,balanced,other,11784,2,1,11784
2,1,1,5,2025-07-22T21:11:08.261920Z,2025-07-22T21:32:26.351743Z,7,0.935940512932163,0.5,0.687905463705994,0.000727124162949622,EMNIST_seed2_prop0.01,conv_AUM,same_other_sizes_cv,balanced,other,11784,3,1,11784
2,1,1,8,2025-07-22T21:11:43.451406Z,2025-07-22T21:38:46.708908Z,48,0.972299343044847,0.0103477523324852,0.722492250915316,0.000239333166973665,EMNIST_seed2_prop0.01,conv_AUM,same_other_sizes_cv,unbalanced,same,11784,1,1,11784
2,1,1,10,2025-07-22T21:12:09.080942Z,2025-07-22T21:35:25.032279Z,13,0.948120536989434,0.0101781170483461,0.771952232623426,0.000615356490015984,EMNIST_seed2_prop0.01,conv_AUM,same_other_sizes_cv,unbalanced,same,11784,2,1,11784
2,1,1,12,2025-07-22T21:12:23.672492Z,2025-07-22T21:38:26.204901Z,37,0.946722617005638,0.991505266734625,0.665351123585869,0.000422829645685852,EMNIST_seed2_prop0.01,conv_AUM,same_other_sizes_cv,unbalanced,same,11784,3,1,11784
2,2,1,1,2025-07-22T21:12:32.185938Z,2025-07-22T21:14:44.491637Z,35,0.915918272340844,0.719023136246787,0.651113161546884,0.00393774919211864,EMNIST_seed2_prop0.01,linear_AUM,same_other_sizes_cv,balanced,other,11784,1,1,11784
2,2,1,3,2025-07-22T21:12:44.169732Z,2025-07-22T21:15:06.281084Z,6,0.911583631265103,0.654670094258783,0.649928586536601,0.00436589075252414,EMNIST_seed2_prop0.01,linear_AUM,same_other_sizes_cv,balanced,other,11784,2,1,11784
2,2,1,5,2025-07-22T21:12:47.841777Z,2025-07-22T21:15:57.173054Z,86,0.900089691046195,0.642024013722127,0.658799226110123,0.00388592248782516,EMNIST_seed2_prop0.01,linear_AUM,same_other_sizes_cv,balanced,other,11784,3,1,11784
2,2,1,8,2025-07-22T21:12:48.138990Z,2025-07-22T21:15:29.476239Z,89,0.915155669808625,0.460050890585242,0.697073067259883,0.00467115268111229,EMNIST_seed2_prop0.01,linear_AUM,same_other_sizes_cv,unbalanced,same,11784,1,1,11784
2,2,1,10,2025-07-22T21:13:02.260147Z,2025-07-22T21:15:25.584157Z,46,0.873203370465581,0.768447837150127,0.662424463903031,0.00722111854702234,EMNIST_seed2_prop0.01,linear_AUM,same_other_sizes_cv,unbalanced,same,11784,2,1,11784
2,2,1,12,2025-07-22T21:13:03.170652Z,2025-07-22T21:15:17.821865Z,59,0.869845013477085,0.243289160720353,0.722408301996374,0.00589132262393832,EMNIST_seed2_prop0.01,linear_AUM,same_other_sizes_cv,unbalanced,same,11784,3,1,11784
2,3,1,1,2025-07-22T21:13:10.409935Z,2025-07-22T21:40:27.415953Z,67,0.692618502682671,0.5,2.11540808379126,0.00500246323645115,EMNIST_seed2_prop0.01,conv_logistic,same_other_sizes_cv,balanced,other,11784,1,1,11784
2,3,1,3,2025-07-22T21:13:16.966768Z,2025-07-22T21:40:53.544766Z,33,0.652360140951282,0.5,2.18050037250609,0.00470772245898843,EMNIST_seed2_prop0.01,conv_logistic,same_other_sizes_cv,balanced,other,11784,2,1,11784
2,3,1,5,2025-07-22T21:13:30.794909Z,2025-07-22T21:41:34.768989Z,85,0.673802094213111,0.5,2.1447062507101,0.00476240692660213,EMNIST_seed2_prop0.01,conv_logistic,same_other_sizes_cv,balanced,other,11784,3,1,11784
2,3,1,8,2025-07-22T21:13:36.534113Z,2025-07-22T21:27:28.708165Z,62,0.318254784347331,0.989821882951654,0.62513249808029,0.00870676059275866,EMNIST_seed2_prop0.01,conv_logistic,same_other_sizes_cv,unbalanced,same,11784,1,1,11784
2,3,1,10,2025-07-22T21:13:38.539434Z,2025-07-22T21:41:10.418278Z,41,0.665117109397314,0.989821882951654,0.0549978449934173,0.00535966595634818,EMNIST_seed2_prop0.01,conv_logistic,same_other_sizes_cv,unbalanced,same,11784,2,1,11784
2,3,1,12,2025-07-22T21:14:07.094891Z,2025-07-22T21:41:26.753011Z,4,0.720580127419753,0.99048589874278,0.0503015958742642,0.00478061102330685,EMNIST_seed2_prop0.01,conv_logistic,same_other_sizes_cv,unbalanced,same,11784,3,1,11784
2,4,1,1,2025-07-22T21:14:21.471628Z,2025-07-22T21:18:13.910357Z,66,0.727345165428313,0.500085689802913,1.95116456382846,0.00946552399545908,EMNIST_seed2_prop0.01,linear_logistic,same_other_sizes_cv,balanced,other,11784,1,1,11784
2,4,1,3,2025-07-22T21:14:25.299954Z,2025-07-22T21:18:14.041665Z,25,0.718900747417741,0.5,1.97863378494242,0.00896051712334156,EMNIST_seed2_prop0.01,linear_logistic,same_other_sizes_cv,balanced,other,11784,2,1,11784
2,4,1,5,2025-07-22T21:14:47.622470Z,2025-07-22T21:18:29.791114Z,51,0.721392204513827,0.500257289879931,1.95921904409408,0.00938583631068468,EMNIST_seed2_prop0.01,linear_logistic,same_other_sizes_cv,balanced,other,11784,3,1,11784
2,4,1,8,2025-07-22T21:14:47.657680Z,2025-07-22T21:18:23.621345Z,35,0.686788060554128,0.989821882951654,0.0555735132590071,0.00957337208092213,EMNIST_seed2_prop0.01,linear_logistic,same_other_sizes_cv,unbalanced,same,11784,1,1,11784
2,4,1,10,2025-07-22T21:15:09.191293Z,2025-07-22T21:18:57.041389Z,6,0.700705512710654,0.989821882951654,0.0557608774777947,0.0101873381063342,EMNIST_seed2_prop0.01,linear_logistic,same_other_sizes_cv,unbalanced,same,11784,2,1,11784
2,4,1,12,2025-07-24T11:16:27.389604Z,2025-07-24T11:20:12.395074Z,5,0.697149901984809,0.99048589874278,0.0533331745413661,0.0100369630381465,EMNIST_seed2_prop0.01,linear_logistic,same_other_sizes_cv,unbalanced,same,11784,3,1,11784
